image_id,breed
Beagle/Beagle_1.jpg,Beagle
Beagle/Beagle_10.jpg,Beagle
Beagle/Beagle_100.jpg,Beagle
Beagle/Beagle_11.jpg,Beagle
Beagle/Beagle_12.jpg,Beagle
Beagle/Beagle_13.jpg,Beagle
Beagle/Beagle_14.jpg,Beagle
Beagle/Beagle_15.jpg,Beagle
Beagle/Beagle_16.jpg,Beagle
Beagle/Beagle_17.jpg,Beagle
Beagle/Beagle_18.jpg,Beagle
Beagle/Beagle_19.jpg,Beagle
Beagle/Beagle_2.jpg,Beagle
Beagle/Beagle_20.jpg,Beagle
Beagle/Beagle_21.jpg,Beagle
Beagle/Beagle_22.jpg,Beagle
Beagle/Beagle_23.jpg,Beagle
Beagle/Beagle_24.jpg,Beagle
Beagle/Beagle_25.jpg,Beagle
Beagle/Beagle_26.jpg,Beagle
Beagle/Beagle_27.jpg,Beagle
Beagle/Beagle_28.jpg,Beagle
Beagle/Beagle_29.jpg,Beagle
Beagle/Beagle_3.jpg,Beagle
Beagle/Beagle_30.jpg,Beagle
Beagle/Beagle_31.jpg,Beagle
Beagle/Beagle_32.jpg,Beagle
Beagle/Beagle_33.jpg,Beagle
Beagle/Beagle_34.jpg,Beagle
Beagle/Beagle_35.jpg,Beagle
Beagle/Beagle_36.jpg,Beagle
Beagle/Beagle_37.jpg,Beagle
Beagle/Beagle_38.jpg,Beagle
Beagle/Beagle_39.jpg,Beagle
Beagle/Beagle_4.jpg,Beagle
Beagle/Beagle_40.jpg,Beagle
Beagle/Beagle_41.jpg,Beagle
Beagle/Beagle_42.jpg,Beagle
Beagle/Beagle_43.jpg,Beagle
Beagle/Beagle_44.jpg,Beagle
Beagle/Beagle_45.jpg,Beagle
Beagle/Beagle_46.jpg,Beagle
Beagle/Beagle_47.jpg,Beagle
Beagle/Beagle_48.jpg,Beagle
Beagle/Beagle_49.jpg,Beagle
Beagle/Beagle_5.jpg,Beagle
Beagle/Beagle_50.jpg,Beagle
Beagle/Beagle_51.jpg,Beagle
Beagle/Beagle_52.jpg,Beagle
Beagle/Beagle_53.jpg,Beagle
Beagle/Beagle_54.jpg,Beagle
Beagle/Beagle_55.jpg,Beagle
Beagle/Beagle_56.jpg,Beagle
Beagle/Beagle_57.jpg,Beagle
Beagle/Beagle_58.jpg,Beagle
Beagle/Beagle_59.jpg,Beagle
Beagle/Beagle_6.jpg,Beagle
Beagle/Beagle_60.jpg,Beagle
Beagle/Beagle_61.jpg,Beagle
Beagle/Beagle_62.jpg,Beagle
Beagle/Beagle_63.jpg,Beagle
Beagle/Beagle_64.jpg,Beagle
Beagle/Beagle_65.jpg,Beagle
Beagle/Beagle_66.jpg,Beagle
Beagle/Beagle_67.jpg,Beagle
Beagle/Beagle_68.jpg,Beagle
Beagle/Beagle_69.jpg,Beagle
Beagle/Beagle_7.jpg,Beagle
Beagle/Beagle_70.jpg,Beagle
Beagle/Beagle_71.jpg,Beagle
Beagle/Beagle_72.jpg,Beagle
Beagle/Beagle_73.jpg,Beagle
Beagle/Beagle_74.jpg,Beagle
Beagle/Beagle_75.jpg,Beagle
Beagle/Beagle_76.jpg,Beagle
Beagle/Beagle_77.jpg,Beagle
Beagle/Beagle_78.jpg,Beagle
Beagle/Beagle_79.jpg,Beagle
Beagle/Beagle_8.jpg,Beagle
Beagle/Beagle_80.jpg,Beagle
Beagle/Beagle_81.jpg,Beagle
Beagle/Beagle_82.jpg,Beagle
Beagle/Beagle_83.jpg,Beagle
Beagle/Beagle_84.jpg,Beagle
Beagle/Beagle_85.jpg,Beagle
Beagle/Beagle_86.jpg,Beagle
Beagle/Beagle_87.jpg,Beagle
Beagle/Beagle_88.jpg,Beagle
Beagle/Beagle_89.jpg,Beagle
Beagle/Beagle_9.jpg,Beagle
Beagle/Beagle_90.jpg,Beagle
Beagle/Beagle_91.jpg,Beagle
Beagle/Beagle_92.jpg,Beagle
Beagle/Beagle_93.jpg,Beagle
Beagle/Beagle_94.jpg,Beagle
Beagle/Beagle_95.jpg,Beagle
Beagle/Beagle_96.jpg,Beagle
Beagle/Beagle_97.jpg,Beagle
Beagle/Beagle_98.jpg,Beagle
Beagle/Beagle_99.jpg,Beagle
Boxer/Boxer_1.jpg,Boxer
Boxer/Boxer_10.jpg,Boxer
Boxer/Boxer_100.jpg,Boxer
Boxer/Boxer_11.jpg,Boxer
Boxer/Boxer_12.jpg,Boxer
Boxer/Boxer_13.jpg,Boxer
Boxer/Boxer_14.jpg,Boxer
Boxer/Boxer_15.jpg,Boxer
Boxer/Boxer_16.jpg,Boxer
Boxer/Boxer_17.jpg,Boxer
Boxer/Boxer_18.jpg,Boxer
Boxer/Boxer_19.jpg,Boxer
Boxer/Boxer_2.jpg,Boxer
Boxer/Boxer_20.jpg,Boxer
Boxer/Boxer_21.jpg,Boxer
Boxer/Boxer_22.jpg,Boxer
Boxer/Boxer_23.jpg,Boxer
Boxer/Boxer_24.jpg,Boxer
Boxer/Boxer_25.jpg,Boxer
Boxer/Boxer_26.jpg,Boxer
Boxer/Boxer_27.jpg,Boxer
Boxer/Boxer_28.jpg,Boxer
Boxer/Boxer_29.jpg,Boxer
Boxer/Boxer_3.jpg,Boxer
Boxer/Boxer_30.jpg,Boxer
Boxer/Boxer_31.jpg,Boxer
Boxer/Boxer_32.jpg,Boxer
Boxer/Boxer_33.jpg,Boxer
Boxer/Boxer_34.jpg,Boxer
Boxer/Boxer_35.jpg,Boxer
Boxer/Boxer_36.jpg,Boxer
Boxer/Boxer_37.jpg,Boxer
Boxer/Boxer_38.jpg,Boxer
Boxer/Boxer_39.jpg,Boxer
Boxer/Boxer_4.jpg,Boxer
Boxer/Boxer_40.jpg,Boxer
Boxer/Boxer_41.jpg,Boxer
Boxer/Boxer_42.jpg,Boxer
Boxer/Boxer_43.jpg,Boxer
Boxer/Boxer_44.jpg,Boxer
Boxer/Boxer_45.jpg,Boxer
Boxer/Boxer_46.jpg,Boxer
Boxer/Boxer_47.jpg,Boxer
Boxer/Boxer_48.jpg,Boxer
Boxer/Boxer_49.jpg,Boxer
Boxer/Boxer_5.jpg,Boxer
Boxer/Boxer_50.jpg,Boxer
Boxer/Boxer_51.jpg,Boxer
Boxer/Boxer_52.jpg,Boxer
Boxer/Boxer_53.jpg,Boxer
Boxer/Boxer_54.jpg,Boxer
Boxer/Boxer_55.jpg,Boxer
Boxer/Boxer_56.jpg,Boxer
Boxer/Boxer_57.jpg,Boxer
Boxer/Boxer_58.jpg,Boxer
Boxer/Boxer_59.jpg,Boxer
Boxer/Boxer_6.jpg,Boxer
Boxer/Boxer_60.jpg,Boxer
Boxer/Boxer_61.jpg,Boxer
Boxer/Boxer_62.jpg,Boxer
Boxer/Boxer_63.jpg,Boxer
Boxer/Boxer_64.jpg,Boxer
Boxer/Boxer_65.jpg,Boxer
Boxer/Boxer_66.jpg,Boxer
Boxer/Boxer_67.jpg,Boxer
Boxer/Boxer_68.jpg,Boxer
Boxer/Boxer_69.jpg,Boxer
Boxer/Boxer_7.jpg,Boxer
Boxer/Boxer_70.jpg,Boxer
Boxer/Boxer_71.jpg,Boxer
Boxer/Boxer_72.jpg,Boxer
Boxer/Boxer_73.jpg,Boxer
Boxer/Boxer_74.jpg,Boxer
Boxer/Boxer_75.jpg,Boxer
Boxer/Boxer_76.jpg,Boxer
Boxer/Boxer_77.jpg,Boxer
Boxer/Boxer_78.jpg,Boxer
Boxer/Boxer_79.jpg,Boxer
Boxer/Boxer_8.jpg,Boxer
Boxer/Boxer_80.jpg,Boxer
Boxer/Boxer_81.jpg,Boxer
Boxer/Boxer_82.jpg,Boxer
Boxer/Boxer_83.jpg,Boxer
Boxer/Boxer_84.jpg,Boxer
Boxer/Boxer_85.jpg,Boxer
Boxer/Boxer_86.jpg,Boxer
Boxer/Boxer_87.jpg,Boxer
Boxer/Boxer_88.jpg,Boxer
Boxer/Boxer_89.jpg,Boxer
Boxer/Boxer_9.jpg,Boxer
Boxer/Boxer_90.jpg,Boxer
Boxer/Boxer_91.jpg,Boxer
Boxer/Boxer_92.jpg,Boxer
Boxer/Boxer_93.jpg,Boxer
Boxer/Boxer_94.jpg,Boxer
Boxer/Boxer_95.jpg,Boxer
Boxer/Boxer_96.jpg,Boxer
Boxer/Boxer_97.jpg,Boxer
Boxer/Boxer_98.jpg,Boxer
Boxer/Boxer_99.jpg,Boxer
Bulldog/Bulldog_1.jpg,Bulldog
Bulldog/Bulldog_10.jpg,Bulldog
Bulldog/Bulldog_100.jpg,Bulldog
Bulldog/Bulldog_11.jpg,Bulldog
Bulldog/Bulldog_12.jpg,Bulldog
Bulldog/Bulldog_13.jpg,Bulldog
Bulldog/Bulldog_14.jpg,Bulldog
Bulldog/Bulldog_15.jpg,Bulldog
Bulldog/Bulldog_16.jpg,Bulldog
Bulldog/Bulldog_17.jpg,Bulldog
Bulldog/Bulldog_18.jpg,Bulldog
Bulldog/Bulldog_19.jpg,Bulldog
Bulldog/Bulldog_2.jpg,Bulldog
Bulldog/Bulldog_20.jpg,Bulldog
Bulldog/Bulldog_21.jpg,Bulldog
Bulldog/Bulldog_22.jpg,Bulldog
Bulldog/Bulldog_23.jpg,Bulldog
Bulldog/Bulldog_24.jpg,Bulldog
Bulldog/Bulldog_25.jpg,Bulldog
Bulldog/Bulldog_26.jpg,Bulldog
Bulldog/Bulldog_27.jpg,Bulldog
Bulldog/Bulldog_28.jpg,Bulldog
Bulldog/Bulldog_29.jpg,Bulldog
Bulldog/Bulldog_3.jpg,Bulldog
Bulldog/Bulldog_30.jpg,Bulldog
Bulldog/Bulldog_31.jpg,Bulldog
Bulldog/Bulldog_32.jpg,Bulldog
Bulldog/Bulldog_33.jpg,Bulldog
Bulldog/Bulldog_34.jpg,Bulldog
Bulldog/Bulldog_35.jpg,Bulldog
Bulldog/Bulldog_36.jpg,Bulldog
Bulldog/Bulldog_37.jpg,Bulldog
Bulldog/Bulldog_38.jpg,Bulldog
Bulldog/Bulldog_39.jpg,Bulldog
Bulldog/Bulldog_4.jpg,Bulldog
Bulldog/Bulldog_40.jpg,Bulldog
Bulldog/Bulldog_41.jpg,Bulldog
Bulldog/Bulldog_42.jpg,Bulldog
Bulldog/Bulldog_43.jpg,Bulldog
Bulldog/Bulldog_44.jpg,Bulldog
Bulldog/Bulldog_45.jpg,Bulldog
Bulldog/Bulldog_46.jpg,Bulldog
Bulldog/Bulldog_47.jpg,Bulldog
Bulldog/Bulldog_48.jpg,Bulldog
Bulldog/Bulldog_49.jpg,Bulldog
Bulldog/Bulldog_5.jpg,Bulldog
Bulldog/Bulldog_50.jpg,Bulldog
Bulldog/Bulldog_51.jpg,Bulldog
Bulldog/Bulldog_52.jpg,Bulldog
Bulldog/Bulldog_53.jpg,Bulldog
Bulldog/Bulldog_54.jpg,Bulldog
Bulldog/Bulldog_55.jpg,Bulldog
Bulldog/Bulldog_56.jpg,Bulldog
Bulldog/Bulldog_57.jpg,Bulldog
Bulldog/Bulldog_58.jpg,Bulldog
Bulldog/Bulldog_59.jpg,Bulldog
Bulldog/Bulldog_6.jpg,Bulldog
Bulldog/Bulldog_60.jpg,Bulldog
Bulldog/Bulldog_61.jpg,Bulldog
Bulldog/Bulldog_62.jpg,Bulldog
Bulldog/Bulldog_63.jpg,Bulldog
Bulldog/Bulldog_64.jpg,Bulldog
Bulldog/Bulldog_65.jpg,Bulldog
Bulldog/Bulldog_66.jpg,Bulldog
Bulldog/Bulldog_67.jpg,Bulldog
Bulldog/Bulldog_68.jpg,Bulldog
Bulldog/Bulldog_69.jpg,Bulldog
Bulldog/Bulldog_7.jpg,Bulldog
Bulldog/Bulldog_70.jpg,Bulldog
Bulldog/Bulldog_71.jpg,Bulldog
Bulldog/Bulldog_72.jpg,Bulldog
Bulldog/Bulldog_73.jpg,Bulldog
Bulldog/Bulldog_74.jpg,Bulldog
Bulldog/Bulldog_75.jpg,Bulldog
Bulldog/Bulldog_76.jpg,Bulldog
Bulldog/Bulldog_77.jpg,Bulldog
Bulldog/Bulldog_78.jpg,Bulldog
Bulldog/Bulldog_79.jpg,Bulldog
Bulldog/Bulldog_8.jpg,Bulldog
Bulldog/Bulldog_80.jpg,Bulldog
Bulldog/Bulldog_81.jpg,Bulldog
Bulldog/Bulldog_82.jpg,Bulldog
Bulldog/Bulldog_83.jpg,Bulldog
Bulldog/Bulldog_84.jpg,Bulldog
Bulldog/Bulldog_85.jpg,Bulldog
Bulldog/Bulldog_86.jpg,Bulldog
Bulldog/Bulldog_87.jpg,Bulldog
Bulldog/Bulldog_88.jpg,Bulldog
Bulldog/Bulldog_89.jpg,Bulldog
Bulldog/Bulldog_9.jpg,Bulldog
Bulldog/Bulldog_90.jpg,Bulldog
Bulldog/Bulldog_91.jpg,Bulldog
Bulldog/Bulldog_92.jpg,Bulldog
Bulldog/Bulldog_93.jpg,Bulldog
Bulldog/Bulldog_94.jpg,Bulldog
Bulldog/Bulldog_95.jpg,Bulldog
Bulldog/Bulldog_96.jpg,Bulldog
Bulldog/Bulldog_97.jpg,Bulldog
Bulldog/Bulldog_98.jpg,Bulldog
Bulldog/Bulldog_99.jpg,Bulldog
Dachshund/Dachshund_1.jpg,Dachshund
Dachshund/Dachshund_10.jpg,Dachshund
Dachshund/Dachshund_100.jpg,Dachshund
Dachshund/Dachshund_11.jpg,Dachshund
Dachshund/Dachshund_12.jpg,Dachshund
Dachshund/Dachshund_13.jpg,Dachshund
Dachshund/Dachshund_14.jpg,Dachshund
Dachshund/Dachshund_16.jpg,Dachshund
Dachshund/Dachshund_17.jpg,Dachshund
Dachshund/Dachshund_18.jpg,Dachshund
Dachshund/Dachshund_19.jpg,Dachshund
Dachshund/Dachshund_2.jpg,Dachshund
Dachshund/Dachshund_20.jpg,Dachshund
Dachshund/Dachshund_21.jpg,Dachshund
Dachshund/Dachshund_22.jpg,Dachshund
Dachshund/Dachshund_23.jpg,Dachshund
Dachshund/Dachshund_24.jpg,Dachshund
Dachshund/Dachshund_25.jpg,Dachshund
Dachshund/Dachshund_26.jpg,Dachshund
Dachshund/Dachshund_27.jpg,Dachshund
Dachshund/Dachshund_28.jpg,Dachshund
Dachshund/Dachshund_29.jpg,Dachshund
Dachshund/Dachshund_3.jpg,Dachshund
Dachshund/Dachshund_30.jpg,Dachshund
Dachshund/Dachshund_31.jpg,Dachshund
Dachshund/Dachshund_32.jpg,Dachshund
Dachshund/Dachshund_33.jpg,Dachshund
Dachshund/Dachshund_34.jpg,Dachshund
Dachshund/Dachshund_35.jpg,Dachshund
Dachshund/Dachshund_36.jpg,Dachshund
Dachshund/Dachshund_37.jpg,Dachshund
Dachshund/Dachshund_38.jpg,Dachshund
Dachshund/Dachshund_39.jpg,Dachshund
Dachshund/Dachshund_4.jpg,Dachshund
Dachshund/Dachshund_40.jpg,Dachshund
Dachshund/Dachshund_41.jpg,Dachshund
Dachshund/Dachshund_42.jpg,Dachshund
Dachshund/Dachshund_43.jpg,Dachshund
Dachshund/Dachshund_44.jpg,Dachshund
Dachshund/Dachshund_45.jpg,Dachshund
Dachshund/Dachshund_46.jpg,Dachshund
Dachshund/Dachshund_47.jpg,Dachshund
Dachshund/Dachshund_48.jpg,Dachshund
Dachshund/Dachshund_49.jpg,Dachshund
Dachshund/Dachshund_5.jpg,Dachshund
Dachshund/Dachshund_50.jpg,Dachshund
Dachshund/Dachshund_51.jpg,Dachshund
Dachshund/Dachshund_52.jpg,Dachshund
Dachshund/Dachshund_53.jpg,Dachshund
Dachshund/Dachshund_54.jpg,Dachshund
Dachshund/Dachshund_55.jpg,Dachshund
Dachshund/Dachshund_56.jpg,Dachshund
Dachshund/Dachshund_58.jpg,Dachshund
Dachshund/Dachshund_59.jpg,Dachshund
Dachshund/Dachshund_6.jpg,Dachshund
Dachshund/Dachshund_60.jpg,Dachshund
Dachshund/Dachshund_61.jpg,Dachshund
Dachshund/Dachshund_62.jpg,Dachshund
Dachshund/Dachshund_63.jpg,Dachshund
Dachshund/Dachshund_64.jpg,Dachshund
Dachshund/Dachshund_65.jpg,Dachshund
Dachshund/Dachshund_66.jpg,Dachshund
Dachshund/Dachshund_67.jpg,Dachshund
Dachshund/Dachshund_68.jpg,Dachshund
Dachshund/Dachshund_69.jpg,Dachshund
Dachshund/Dachshund_7.jpg,Dachshund
Dachshund/Dachshund_70.jpg,Dachshund
Dachshund/Dachshund_71.jpg,Dachshund
Dachshund/Dachshund_72.jpg,Dachshund
Dachshund/Dachshund_73.jpg,Dachshund
Dachshund/Dachshund_74.jpg,Dachshund
Dachshund/Dachshund_75.jpg,Dachshund
Dachshund/Dachshund_76.jpg,Dachshund
Dachshund/Dachshund_77.jpg,Dachshund
Dachshund/Dachshund_79.jpg,Dachshund
Dachshund/Dachshund_8.jpg,Dachshund
Dachshund/Dachshund_80.jpg,Dachshund
Dachshund/Dachshund_81.jpg,Dachshund
Dachshund/Dachshund_82.jpg,Dachshund
Dachshund/Dachshund_83.jpg,Dachshund
Dachshund/Dachshund_84.jpg,Dachshund
Dachshund/Dachshund_85.jpg,Dachshund
Dachshund/Dachshund_86.jpg,Dachshund
Dachshund/Dachshund_87.jpg,Dachshund
Dachshund/Dachshund_88.jpg,Dachshund
Dachshund/Dachshund_89.jpg,Dachshund
Dachshund/Dachshund_9.jpg,Dachshund
Dachshund/Dachshund_90.jpg,Dachshund
Dachshund/Dachshund_91.jpg,Dachshund
Dachshund/Dachshund_92.jpg,Dachshund
Dachshund/Dachshund_93.jpg,Dachshund
Dachshund/Dachshund_94.jpg,Dachshund
Dachshund/Dachshund_95.jpg,Dachshund
Dachshund/Dachshund_96.jpg,Dachshund
Dachshund/Dachshund_97.jpg,Dachshund
Dachshund/Dachshund_98.jpg,Dachshund
German_Shepherd/German Shepherd_1.jpg,German_Shepherd
German_Shepherd/German Shepherd_10.jpg,German_Shepherd
German_Shepherd/German Shepherd_100.jpg,German_Shepherd
German_Shepherd/German Shepherd_11.jpg,German_Shepherd
German_Shepherd/German Shepherd_12.jpg,German_Shepherd
German_Shepherd/German Shepherd_13.jpg,German_Shepherd
German_Shepherd/German Shepherd_14.jpg,German_Shepherd
German_Shepherd/German Shepherd_15.jpg,German_Shepherd
German_Shepherd/German Shepherd_16.jpg,German_Shepherd
German_Shepherd/German Shepherd_17.jpg,German_Shepherd
German_Shepherd/German Shepherd_18.jpg,German_Shepherd
German_Shepherd/German Shepherd_19.jpg,German_Shepherd
German_Shepherd/German Shepherd_2.jpg,German_Shepherd
German_Shepherd/German Shepherd_20.jpg,German_Shepherd
German_Shepherd/German Shepherd_21.jpg,German_Shepherd
German_Shepherd/German Shepherd_22.jpg,German_Shepherd
German_Shepherd/German Shepherd_23.jpg,German_Shepherd
German_Shepherd/German Shepherd_24.jpg,German_Shepherd
German_Shepherd/German Shepherd_25.jpg,German_Shepherd
German_Shepherd/German Shepherd_26.jpg,German_Shepherd
German_Shepherd/German Shepherd_27.jpg,German_Shepherd
German_Shepherd/German Shepherd_28.jpg,German_Shepherd
German_Shepherd/German Shepherd_29.jpg,German_Shepherd
German_Shepherd/German Shepherd_3.jpg,German_Shepherd
German_Shepherd/German Shepherd_31.jpg,German_Shepherd
German_Shepherd/German Shepherd_32.jpg,German_Shepherd
German_Shepherd/German Shepherd_33.jpg,German_Shepherd
German_Shepherd/German Shepherd_34.jpg,German_Shepherd
German_Shepherd/German Shepherd_35.jpg,German_Shepherd
German_Shepherd/German Shepherd_36.jpg,German_Shepherd
German_Shepherd/German Shepherd_37.jpg,German_Shepherd
German_Shepherd/German Shepherd_38.jpg,German_Shepherd
German_Shepherd/German Shepherd_39.jpg,German_Shepherd
German_Shepherd/German Shepherd_4.jpg,German_Shepherd
German_Shepherd/German Shepherd_40.jpg,German_Shepherd
German_Shepherd/German Shepherd_41.jpg,German_Shepherd
German_Shepherd/German Shepherd_42.jpg,German_Shepherd
German_Shepherd/German Shepherd_43.jpg,German_Shepherd
German_Shepherd/German Shepherd_44.jpg,German_Shepherd
German_Shepherd/German Shepherd_45.jpg,German_Shepherd
German_Shepherd/German Shepherd_46.jpg,German_Shepherd
German_Shepherd/German Shepherd_47.jpg,German_Shepherd
German_Shepherd/German Shepherd_48.jpg,German_Shepherd
German_Shepherd/German Shepherd_49.jpg,German_Shepherd
German_Shepherd/German Shepherd_5.jpg,German_Shepherd
German_Shepherd/German Shepherd_50.jpg,German_Shepherd
German_Shepherd/German Shepherd_51.jpg,German_Shepherd
German_Shepherd/German Shepherd_52.jpg,German_Shepherd
German_Shepherd/German Shepherd_53.jpg,German_Shepherd
German_Shepherd/German Shepherd_54.jpg,German_Shepherd
German_Shepherd/German Shepherd_55.jpg,German_Shepherd
German_Shepherd/German Shepherd_56.jpg,German_Shepherd
German_Shepherd/German Shepherd_57.jpg,German_Shepherd
German_Shepherd/German Shepherd_58.jpg,German_Shepherd
German_Shepherd/German Shepherd_59.jpg,German_Shepherd
German_Shepherd/German Shepherd_6.jpg,German_Shepherd
German_Shepherd/German Shepherd_60.jpg,German_Shepherd
German_Shepherd/German Shepherd_61.jpg,German_Shepherd
German_Shepherd/German Shepherd_62.jpg,German_Shepherd
German_Shepherd/German Shepherd_63.jpg,German_Shepherd
German_Shepherd/German Shepherd_64.jpg,German_Shepherd
German_Shepherd/German Shepherd_65.jpg,German_Shepherd
German_Shepherd/German Shepherd_66.jpg,German_Shepherd
German_Shepherd/German Shepherd_67.jpg,German_Shepherd
German_Shepherd/German Shepherd_68.jpg,German_Shepherd
German_Shepherd/German Shepherd_69.jpg,German_Shepherd
German_Shepherd/German Shepherd_7.jpg,German_Shepherd
German_Shepherd/German Shepherd_70.jpg,German_Shepherd
German_Shepherd/German Shepherd_71.jpg,German_Shepherd
German_Shepherd/German Shepherd_73.jpg,German_Shepherd
German_Shepherd/German Shepherd_74.jpg,German_Shepherd
German_Shepherd/German Shepherd_75.jpg,German_Shepherd
German_Shepherd/German Shepherd_76.jpg,German_Shepherd
German_Shepherd/German Shepherd_77.jpg,German_Shepherd
German_Shepherd/German Shepherd_78.jpg,German_Shepherd
German_Shepherd/German Shepherd_79.jpg,German_Shepherd
German_Shepherd/German Shepherd_8.jpg,German_Shepherd
German_Shepherd/German Shepherd_80.jpg,German_Shepherd
German_Shepherd/German Shepherd_81.jpg,German_Shepherd
German_Shepherd/German Shepherd_82.jpg,German_Shepherd
German_Shepherd/German Shepherd_83.jpg,German_Shepherd
German_Shepherd/German Shepherd_84.jpg,German_Shepherd
German_Shepherd/German Shepherd_85.jpg,German_Shepherd
German_Shepherd/German Shepherd_86.jpg,German_Shepherd
German_Shepherd/German Shepherd_87.jpg,German_Shepherd
German_Shepherd/German Shepherd_88.jpg,German_Shepherd
German_Shepherd/German Shepherd_89.jpg,German_Shepherd
German_Shepherd/German Shepherd_90.jpg,German_Shepherd
German_Shepherd/German Shepherd_91.jpg,German_Shepherd
German_Shepherd/German Shepherd_93.jpg,German_Shepherd
German_Shepherd/German Shepherd_94.jpg,German_Shepherd
German_Shepherd/German Shepherd_95.jpg,German_Shepherd
German_Shepherd/German Shepherd_96.jpg,German_Shepherd
German_Shepherd/German Shepherd_97.jpg,German_Shepherd
German_Shepherd/German Shepherd_98.jpg,German_Shepherd
German_Shepherd/German Shepherd_99.jpg,German_Shepherd
Golden_Retriever/Golden Retriever_1.jpg,Golden_Retriever
Golden_Retriever/Golden Retriever_10.jpg,Golden_Retriever
Golden_Retriever/Golden Retriever_100.jpg,Golden_Retriever
Golden_Retriever/Golden Retriever_12.jpg,Golden_Retriever
Golden_Retriever/Golden Retriever_13.jpg,Golden_Retriever
Golden_Retriever/Golden Retriever_14.jpg,Golden_Retriever
Golden_Retriever/Golden Retriever_15.jpg,Golden_Retriever
Golden_Retriever/Golden Retriever_16.jpg,Golden_Retriever
Golden_Retriever/Golden Retriever_18.jpg,Golden_Retriever
Golden_Retriever/Golden Retriever_19.jpg,Golden_Retriever
Golden_Retriever/Golden Retriever_2.jpg,Golden_Retriever
Golden_Retriever/Golden Retriever_20.jpg,Golden_Retriever
Golden_Retriever/Golden Retriever_21.jpg,Golden_Retriever
Golden_Retriever/Golden Retriever_22.jpg,Golden_Retriever
Golden_Retriever/Golden Retriever_23.jpg,Golden_Retriever
Golden_Retriever/Golden Retriever_24.jpg,Golden_Retriever
Golden_Retriever/Golden Retriever_25.jpg,Golden_Retriever
Golden_Retriever/Golden Retriever_26.jpg,Golden_Retriever
Golden_Retriever/Golden Retriever_27.jpg,Golden_Retriever
Golden_Retriever/Golden Retriever_28.jpg,Golden_Retriever
Golden_Retriever/Golden Retriever_29.jpg,Golden_Retriever
Golden_Retriever/Golden Retriever_3.jpg,Golden_Retriever
Golden_Retriever/Golden Retriever_30.jpg,Golden_Retriever
Golden_Retriever/Golden Retriever_31.jpg,Golden_Retriever
Golden_Retriever/Golden Retriever_33.jpg,Golden_Retriever
Golden_Retriever/Golden Retriever_34.jpg,Golden_Retriever
Golden_Retriever/Golden Retriever_35.jpg,Golden_Retriever
Golden_Retriever/Golden Retriever_36.jpg,Golden_Retriever
Golden_Retriever/Golden Retriever_37.jpg,Golden_Retriever
Golden_Retriever/Golden Retriever_39.jpg,Golden_Retriever
Golden_Retriever/Golden Retriever_4.jpg,Golden_Retriever
Golden_Retriever/Golden Retriever_40.jpg,Golden_Retriever
Golden_Retriever/Golden Retriever_41.jpg,Golden_Retriever
Golden_Retriever/Golden Retriever_42.jpg,Golden_Retriever
Golden_Retriever/Golden Retriever_43.jpg,Golden_Retriever
Golden_Retriever/Golden Retriever_44.jpg,Golden_Retriever
Golden_Retriever/Golden Retriever_45.jpg,Golden_Retriever
Golden_Retriever/Golden Retriever_46.jpg,Golden_Retriever
Golden_Retriever/Golden Retriever_47.jpg,Golden_Retriever
Golden_Retriever/Golden Retriever_48.jpg,Golden_Retriever
Golden_Retriever/Golden Retriever_49.jpg,Golden_Retriever
Golden_Retriever/Golden Retriever_5.jpg,Golden_Retriever
Golden_Retriever/Golden Retriever_50.jpg,Golden_Retriever
Golden_Retriever/Golden Retriever_51.jpg,Golden_Retriever
Golden_Retriever/Golden Retriever_52.jpg,Golden_Retriever
Golden_Retriever/Golden Retriever_54.jpg,Golden_Retriever
Golden_Retriever/Golden Retriever_55.jpg,Golden_Retriever
Golden_Retriever/Golden Retriever_56.jpg,Golden_Retriever
Golden_Retriever/Golden Retriever_57.jpg,Golden_Retriever
Golden_Retriever/Golden Retriever_58.jpg,Golden_Retriever
Golden_Retriever/Golden Retriever_6.jpg,Golden_Retriever
Golden_Retriever/Golden Retriever_60.jpg,Golden_Retriever
Golden_Retriever/Golden Retriever_61.jpg,Golden_Retriever
Golden_Retriever/Golden Retriever_62.jpg,Golden_Retriever
Golden_Retriever/Golden Retriever_63.jpg,Golden_Retriever
Golden_Retriever/Golden Retriever_64.jpg,Golden_Retriever
Golden_Retriever/Golden Retriever_65.jpg,Golden_Retriever
Golden_Retriever/Golden Retriever_66.jpg,Golden_Retriever
Golden_Retriever/Golden Retriever_67.jpg,Golden_Retriever
Golden_Retriever/Golden Retriever_68.jpg,Golden_Retriever
Golden_Retriever/Golden Retriever_69.jpg,Golden_Retriever
Golden_Retriever/Golden Retriever_7.jpg,Golden_Retriever
Golden_Retriever/Golden Retriever_70.jpg,Golden_Retriever
Golden_Retriever/Golden Retriever_71.jpg,Golden_Retriever
Golden_Retriever/Golden Retriever_72.jpg,Golden_Retriever
Golden_Retriever/Golden Retriever_73.jpg,Golden_Retriever
Golden_Retriever/Golden Retriever_75.jpg,Golden_Retriever
Golden_Retriever/Golden Retriever_76.jpg,Golden_Retriever
Golden_Retriever/Golden Retriever_77.jpg,Golden_Retriever
Golden_Retriever/Golden Retriever_78.jpg,Golden_Retriever
Golden_Retriever/Golden Retriever_79.jpg,Golden_Retriever
Golden_Retriever/Golden Retriever_8.jpg,Golden_Retriever
Golden_Retriever/Golden Retriever_81.jpg,Golden_Retriever
Golden_Retriever/Golden Retriever_82.jpg,Golden_Retriever
Golden_Retriever/Golden Retriever_83.jpg,Golden_Retriever
Golden_Retriever/Golden Retriever_84.jpg,Golden_Retriever
Golden_Retriever/Golden Retriever_85.jpg,Golden_Retriever
Golden_Retriever/Golden Retriever_86.jpg,Golden_Retriever
Golden_Retriever/Golden Retriever_87.jpg,Golden_Retriever
Golden_Retriever/Golden Retriever_88.jpg,Golden_Retriever
Golden_Retriever/Golden Retriever_89.jpg,Golden_Retriever
Golden_Retriever/Golden Retriever_9.jpg,Golden_Retriever
Golden_Retriever/Golden Retriever_90.jpg,Golden_Retriever
Golden_Retriever/Golden Retriever_91.jpg,Golden_Retriever
Golden_Retriever/Golden Retriever_92.jpg,Golden_Retriever
Golden_Retriever/Golden Retriever_93.jpg,Golden_Retriever
Golden_Retriever/Golden Retriever_94.jpg,Golden_Retriever
Golden_Retriever/Golden Retriever_96.jpg,Golden_Retriever
Golden_Retriever/Golden Retriever_97.jpg,Golden_Retriever
Golden_Retriever/Golden Retriever_98.jpg,Golden_Retriever
Golden_Retriever/Golden Retriever_99.jpg,Golden_Retriever
Labrador_Retriever/Labrador Retriever_1.jpg,Labrador_Retriever
Labrador_Retriever/Labrador Retriever_10.jpg,Labrador_Retriever
Labrador_Retriever/Labrador Retriever_100.jpg,Labrador_Retriever
Labrador_Retriever/Labrador Retriever_11.jpg,Labrador_Retriever
Labrador_Retriever/Labrador Retriever_12.jpg,Labrador_Retriever
Labrador_Retriever/Labrador Retriever_13.jpg,Labrador_Retriever
Labrador_Retriever/Labrador Retriever_14.jpg,Labrador_Retriever
Labrador_Retriever/Labrador Retriever_15.jpg,Labrador_Retriever
Labrador_Retriever/Labrador Retriever_16.jpg,Labrador_Retriever
Labrador_Retriever/Labrador Retriever_17.jpg,Labrador_Retriever
Labrador_Retriever/Labrador Retriever_18.jpg,Labrador_Retriever
Labrador_Retriever/Labrador Retriever_19.jpg,Labrador_Retriever
Labrador_Retriever/Labrador Retriever_2.jpg,Labrador_Retriever
Labrador_Retriever/Labrador Retriever_20.jpg,Labrador_Retriever
Labrador_Retriever/Labrador Retriever_21.jpg,Labrador_Retriever
Labrador_Retriever/Labrador Retriever_22.jpg,Labrador_Retriever
Labrador_Retriever/Labrador Retriever_23.jpg,Labrador_Retriever
Labrador_Retriever/Labrador Retriever_24.jpg,Labrador_Retriever
Labrador_Retriever/Labrador Retriever_25.jpg,Labrador_Retriever
Labrador_Retriever/Labrador Retriever_26.jpg,Labrador_Retriever
Labrador_Retriever/Labrador Retriever_27.jpg,Labrador_Retriever
Labrador_Retriever/Labrador Retriever_28.jpg,Labrador_Retriever
Labrador_Retriever/Labrador Retriever_3.jpg,Labrador_Retriever
Labrador_Retriever/Labrador Retriever_30.jpg,Labrador_Retriever
Labrador_Retriever/Labrador Retriever_31.jpg,Labrador_Retriever
Labrador_Retriever/Labrador Retriever_32.jpg,Labrador_Retriever
Labrador_Retriever/Labrador Retriever_33.jpg,Labrador_Retriever
Labrador_Retriever/Labrador Retriever_34.jpg,Labrador_Retriever
Labrador_Retriever/Labrador Retriever_35.jpg,Labrador_Retriever
Labrador_Retriever/Labrador Retriever_36.jpg,Labrador_Retriever
Labrador_Retriever/Labrador Retriever_37.jpg,Labrador_Retriever
Labrador_Retriever/Labrador Retriever_38.jpg,Labrador_Retriever
Labrador_Retriever/Labrador Retriever_39.jpg,Labrador_Retriever
Labrador_Retriever/Labrador Retriever_4.jpg,Labrador_Retriever
Labrador_Retriever/Labrador Retriever_40.jpg,Labrador_Retriever
Labrador_Retriever/Labrador Retriever_41.jpg,Labrador_Retriever
Labrador_Retriever/Labrador Retriever_42.jpg,Labrador_Retriever
Labrador_Retriever/Labrador Retriever_43.jpg,Labrador_Retriever
Labrador_Retriever/Labrador Retriever_44.jpg,Labrador_Retriever
Labrador_Retriever/Labrador Retriever_45.jpg,Labrador_Retriever
Labrador_Retriever/Labrador Retriever_46.jpg,Labrador_Retriever
Labrador_Retriever/Labrador Retriever_47.jpg,Labrador_Retriever
Labrador_Retriever/Labrador Retriever_48.jpg,Labrador_Retriever
Labrador_Retriever/Labrador Retriever_49.jpg,Labrador_Retriever
Labrador_Retriever/Labrador Retriever_5.jpg,Labrador_Retriever
Labrador_Retriever/Labrador Retriever_51.jpg,Labrador_Retriever
Labrador_Retriever/Labrador Retriever_52.jpg,Labrador_Retriever
Labrador_Retriever/Labrador Retriever_53.jpg,Labrador_Retriever
Labrador_Retriever/Labrador Retriever_54.jpg,Labrador_Retriever
Labrador_Retriever/Labrador Retriever_55.jpg,Labrador_Retriever
Labrador_Retriever/Labrador Retriever_56.jpg,Labrador_Retriever
Labrador_Retriever/Labrador Retriever_57.jpg,Labrador_Retriever
Labrador_Retriever/Labrador Retriever_58.jpg,Labrador_Retriever
Labrador_Retriever/Labrador Retriever_59.jpg,Labrador_Retriever
Labrador_Retriever/Labrador Retriever_6.jpg,Labrador_Retriever
Labrador_Retriever/Labrador Retriever_60.jpg,Labrador_Retriever
Labrador_Retriever/Labrador Retriever_61.jpg,Labrador_Retriever
Labrador_Retriever/Labrador Retriever_62.jpg,Labrador_Retriever
Labrador_Retriever/Labrador Retriever_63.jpg,Labrador_Retriever
Labrador_Retriever/Labrador Retriever_64.jpg,Labrador_Retriever
Labrador_Retriever/Labrador Retriever_65.jpg,Labrador_Retriever
Labrador_Retriever/Labrador Retriever_66.jpg,Labrador_Retriever
Labrador_Retriever/Labrador Retriever_67.jpg,Labrador_Retriever
Labrador_Retriever/Labrador Retriever_68.jpg,Labrador_Retriever
Labrador_Retriever/Labrador Retriever_69.jpg,Labrador_Retriever
Labrador_Retriever/Labrador Retriever_7.jpg,Labrador_Retriever
Labrador_Retriever/Labrador Retriever_70.jpg,Labrador_Retriever
Labrador_Retriever/Labrador Retriever_72.jpg,Labrador_Retriever
Labrador_Retriever/Labrador Retriever_73.jpg,Labrador_Retriever
Labrador_Retriever/Labrador Retriever_74.jpg,Labrador_Retriever
Labrador_Retriever/Labrador Retriever_75.jpg,Labrador_Retriever
Labrador_Retriever/Labrador Retriever_76.jpg,Labrador_Retriever
Labrador_Retriever/Labrador Retriever_77.jpg,Labrador_Retriever
Labrador_Retriever/Labrador Retriever_78.jpg,Labrador_Retriever
Labrador_Retriever/Labrador Retriever_79.jpg,Labrador_Retriever
Labrador_Retriever/Labrador Retriever_80.jpg,Labrador_Retriever
Labrador_Retriever/Labrador Retriever_81.jpg,Labrador_Retriever
Labrador_Retriever/Labrador Retriever_82.jpg,Labrador_Retriever
Labrador_Retriever/Labrador Retriever_83.jpg,Labrador_Retriever
Labrador_Retriever/Labrador Retriever_84.jpg,Labrador_Retriever
Labrador_Retriever/Labrador Retriever_85.jpg,Labrador_Retriever
Labrador_Retriever/Labrador Retriever_86.jpg,Labrador_Retriever
Labrador_Retriever/Labrador Retriever_87.jpg,Labrador_Retriever
Labrador_Retriever/Labrador Retriever_88.jpg,Labrador_Retriever
Labrador_Retriever/Labrador Retriever_89.jpg,Labrador_Retriever
Labrador_Retriever/Labrador Retriever_9.jpg,Labrador_Retriever
Labrador_Retriever/Labrador Retriever_90.jpg,Labrador_Retriever
Labrador_Retriever/Labrador Retriever_91.jpg,Labrador_Retriever
Labrador_Retriever/Labrador Retriever_93.jpg,Labrador_Retriever
Labrador_Retriever/Labrador Retriever_94.jpg,Labrador_Retriever
Labrador_Retriever/Labrador Retriever_95.jpg,Labrador_Retriever
Labrador_Retriever/Labrador Retriever_96.jpg,Labrador_Retriever
Labrador_Retriever/Labrador Retriever_97.jpg,Labrador_Retriever
Labrador_Retriever/Labrador Retriever_98.jpg,Labrador_Retriever
Labrador_Retriever/Labrador Retriever_99.jpg,Labrador_Retriever
Poodle/Poodle_1.jpg,Poodle
Poodle/Poodle_10.jpg,Poodle
Poodle/Poodle_100.jpg,Poodle
Poodle/Poodle_11.jpg,Poodle
Poodle/Poodle_12.jpg,Poodle
Poodle/Poodle_13.jpg,Poodle
Poodle/Poodle_14.jpg,Poodle
Poodle/Poodle_15.jpg,Poodle
Poodle/Poodle_16.jpg,Poodle
Poodle/Poodle_17.jpg,Poodle
Poodle/Poodle_18.jpg,Poodle
Poodle/Poodle_19.jpg,Poodle
Poodle/Poodle_2.jpg,Poodle
Poodle/Poodle_20.jpg,Poodle
Poodle/Poodle_21.jpg,Poodle
Poodle/Poodle_22.jpg,Poodle
Poodle/Poodle_23.jpg,Poodle
Poodle/Poodle_24.jpg,Poodle
Poodle/Poodle_25.jpg,Poodle
Poodle/Poodle_26.jpg,Poodle
Poodle/Poodle_27.jpg,Poodle
Poodle/Poodle_28.jpg,Poodle
Poodle/Poodle_29.jpg,Poodle
Poodle/Poodle_3.jpg,Poodle
Poodle/Poodle_30.jpg,Poodle
Poodle/Poodle_31.jpg,Poodle
Poodle/Poodle_32.jpg,Poodle
Poodle/Poodle_33.jpg,Poodle
Poodle/Poodle_34.jpg,Poodle
Poodle/Poodle_35.jpg,Poodle
Poodle/Poodle_36.jpg,Poodle
Poodle/Poodle_37.jpg,Poodle
Poodle/Poodle_38.jpg,Poodle
Poodle/Poodle_39.jpg,Poodle
Poodle/Poodle_4.jpg,Poodle
Poodle/Poodle_40.jpg,Poodle
Poodle/Poodle_41.jpg,Poodle
Poodle/Poodle_42.jpg,Poodle
Poodle/Poodle_43.jpg,Poodle
Poodle/Poodle_44.jpg,Poodle
Poodle/Poodle_45.jpg,Poodle
Poodle/Poodle_46.jpg,Poodle
Poodle/Poodle_47.jpg,Poodle
Poodle/Poodle_48.jpg,Poodle
Poodle/Poodle_49.jpg,Poodle
Poodle/Poodle_5.jpg,Poodle
Poodle/Poodle_50.jpg,Poodle
Poodle/Poodle_51.jpg,Poodle
Poodle/Poodle_52.jpg,Poodle
Poodle/Poodle_53.jpg,Poodle
Poodle/Poodle_54.jpg,Poodle
Poodle/Poodle_55.jpg,Poodle
Poodle/Poodle_56.jpg,Poodle
Poodle/Poodle_57.jpg,Poodle
Poodle/Poodle_58.jpg,Poodle
Poodle/Poodle_59.jpg,Poodle
Poodle/Poodle_6.jpg,Poodle
Poodle/Poodle_60.jpg,Poodle
Poodle/Poodle_61.jpg,Poodle
Poodle/Poodle_62.jpg,Poodle
Poodle/Poodle_63.jpg,Poodle
Poodle/Poodle_64.jpg,Poodle
Poodle/Poodle_65.jpg,Poodle
Poodle/Poodle_66.jpg,Poodle
Poodle/Poodle_67.jpg,Poodle
Poodle/Poodle_68.jpg,Poodle
Poodle/Poodle_69.jpg,Poodle
Poodle/Poodle_7.jpg,Poodle
Poodle/Poodle_70.jpg,Poodle
Poodle/Poodle_71.jpg,Poodle
Poodle/Poodle_72.jpg,Poodle
Poodle/Poodle_73.jpg,Poodle
Poodle/Poodle_74.jpg,Poodle
Poodle/Poodle_75.jpg,Poodle
Poodle/Poodle_76.jpg,Poodle
Poodle/Poodle_77.jpg,Poodle
Poodle/Poodle_78.jpg,Poodle
Poodle/Poodle_79.jpg,Poodle
Poodle/Poodle_8.jpg,Poodle
Poodle/Poodle_80.jpg,Poodle
Poodle/Poodle_81.jpg,Poodle
Poodle/Poodle_82.jpg,Poodle
Poodle/Poodle_83.jpg,Poodle
Poodle/Poodle_84.jpg,Poodle
Poodle/Poodle_85.jpg,Poodle
Poodle/Poodle_86.jpg,Poodle
Poodle/Poodle_87.jpg,Poodle
Poodle/Poodle_88.jpg,Poodle
Poodle/Poodle_89.jpg,Poodle
Poodle/Poodle_9.jpg,Poodle
Poodle/Poodle_90.jpg,Poodle
Poodle/Poodle_91.jpg,Poodle
Poodle/Poodle_92.jpg,Poodle
Poodle/Poodle_93.jpg,Poodle
Poodle/Poodle_94.jpg,Poodle
Poodle/Poodle_95.jpg,Poodle
Poodle/Poodle_96.jpg,Poodle
Poodle/Poodle_97.jpg,Poodle
Poodle/Poodle_98.jpg,Poodle
Poodle/Poodle_99.jpg,Poodle
Rottweiler/Rottweiler_1.jpg,Rottweiler
Rottweiler/Rottweiler_10.jpg,Rottweiler
Rottweiler/Rottweiler_100.jpg,Rottweiler
Rottweiler/Rottweiler_11.jpg,Rottweiler
Rottweiler/Rottweiler_12.jpg,Rottweiler
Rottweiler/Rottweiler_13.jpg,Rottweiler
Rottweiler/Rottweiler_14.jpg,Rottweiler
Rottweiler/Rottweiler_15.jpg,Rottweiler
Rottweiler/Rottweiler_16.jpg,Rottweiler
Rottweiler/Rottweiler_17.jpg,Rottweiler
Rottweiler/Rottweiler_18.jpg,Rottweiler
Rottweiler/Rottweiler_2.jpg,Rottweiler
Rottweiler/Rottweiler_21.jpg,Rottweiler
Rottweiler/Rottweiler_22.jpg,Rottweiler
Rottweiler/Rottweiler_23.jpg,Rottweiler
Rottweiler/Rottweiler_24.jpg,Rottweiler
Rottweiler/Rottweiler_25.jpg,Rottweiler
Rottweiler/Rottweiler_26.jpg,Rottweiler
Rottweiler/Rottweiler_28.jpg,Rottweiler
Rottweiler/Rottweiler_29.jpg,Rottweiler
Rottweiler/Rottweiler_3.jpg,Rottweiler
Rottweiler/Rottweiler_30.jpg,Rottweiler
Rottweiler/Rottweiler_31.jpg,Rottweiler
Rottweiler/Rottweiler_32.jpg,Rottweiler
Rottweiler/Rottweiler_33.jpg,Rottweiler
Rottweiler/Rottweiler_34.jpg,Rottweiler
Rottweiler/Rottweiler_35.jpg,Rottweiler
Rottweiler/Rottweiler_36.jpg,Rottweiler
Rottweiler/Rottweiler_37.jpg,Rottweiler
Rottweiler/Rottweiler_38.jpg,Rottweiler
Rottweiler/Rottweiler_39.jpg,Rottweiler
Rottweiler/Rottweiler_4.jpg,Rottweiler
Rottweiler/Rottweiler_40.jpg,Rottweiler
Rottweiler/Rottweiler_42.jpg,Rottweiler
Rottweiler/Rottweiler_43.jpg,Rottweiler
Rottweiler/Rottweiler_44.jpg,Rottweiler
Rottweiler/Rottweiler_45.jpg,Rottweiler
Rottweiler/Rottweiler_46.jpg,Rottweiler
Rottweiler/Rottweiler_47.jpg,Rottweiler
Rottweiler/Rottweiler_49.jpg,Rottweiler
Rottweiler/Rottweiler_5.jpg,Rottweiler
Rottweiler/Rottweiler_50.jpg,Rottweiler
Rottweiler/Rottweiler_51.jpg,Rottweiler
Rottweiler/Rottweiler_52.jpg,Rottweiler
Rottweiler/Rottweiler_53.jpg,Rottweiler
Rottweiler/Rottweiler_54.jpg,Rottweiler
Rottweiler/Rottweiler_55.jpg,Rottweiler
Rottweiler/Rottweiler_56.jpg,Rottweiler
Rottweiler/Rottweiler_57.jpg,Rottweiler
Rottweiler/Rottweiler_58.jpg,Rottweiler
Rottweiler/Rottweiler_59.jpg,Rottweiler
Rottweiler/Rottweiler_6.jpg,Rottweiler
Rottweiler/Rottweiler_61.jpg,Rottweiler
Rottweiler/Rottweiler_63.jpg,Rottweiler
Rottweiler/Rottweiler_64.jpg,Rottweiler
Rottweiler/Rottweiler_65.jpg,Rottweiler
Rottweiler/Rottweiler_66.jpg,Rottweiler
Rottweiler/Rottweiler_67.jpg,Rottweiler
Rottweiler/Rottweiler_68.jpg,Rottweiler
Rottweiler/Rottweiler_70.jpg,Rottweiler
Rottweiler/Rottweiler_71.jpg,Rottweiler
Rottweiler/Rottweiler_72.jpg,Rottweiler
Rottweiler/Rottweiler_73.jpg,Rottweiler
Rottweiler/Rottweiler_74.jpg,Rottweiler
Rottweiler/Rottweiler_75.jpg,Rottweiler
Rottweiler/Rottweiler_76.jpg,Rottweiler
Rottweiler/Rottweiler_77.jpg,Rottweiler
Rottweiler/Rottweiler_78.jpg,Rottweiler
Rottweiler/Rottweiler_79.jpg,Rottweiler
Rottweiler/Rottweiler_8.jpg,Rottweiler
Rottweiler/Rottweiler_80.jpg,Rottweiler
Rottweiler/Rottweiler_81.jpg,Rottweiler
Rottweiler/Rottweiler_82.jpg,Rottweiler
Rottweiler/Rottweiler_84.jpg,Rottweiler
Rottweiler/Rottweiler_85.jpg,Rottweiler
Rottweiler/Rottweiler_86.jpg,Rottweiler
Rottweiler/Rottweiler_87.jpg,Rottweiler
Rottweiler/Rottweiler_88.jpg,Rottweiler
Rottweiler/Rottweiler_89.jpg,Rottweiler
Rottweiler/Rottweiler_9.jpg,Rottweiler
Rottweiler/Rottweiler_91.jpg,Rottweiler
Rottweiler/Rottweiler_92.jpg,Rottweiler
Rottweiler/Rottweiler_93.jpg,Rottweiler
Rottweiler/Rottweiler_94.jpg,Rottweiler
Rottweiler/Rottweiler_95.jpg,Rottweiler
Rottweiler/Rottweiler_96.jpg,Rottweiler
Rottweiler/Rottweiler_97.jpg,Rottweiler
Rottweiler/Rottweiler_98.jpg,Rottweiler
Rottweiler/Rottweiler_99.jpg,Rottweiler
Yorkshire_Terrier/Yorkshire Terrier_1.jpg,Yorkshire_Terrier
Yorkshire_Terrier/Yorkshire Terrier_10.jpg,Yorkshire_Terrier
Yorkshire_Terrier/Yorkshire Terrier_100.jpg,Yorkshire_Terrier
Yorkshire_Terrier/Yorkshire Terrier_11.jpg,Yorkshire_Terrier
Yorkshire_Terrier/Yorkshire Terrier_12.jpg,Yorkshire_Terrier
Yorkshire_Terrier/Yorkshire Terrier_13.jpg,Yorkshire_Terrier
Yorkshire_Terrier/Yorkshire Terrier_14.jpg,Yorkshire_Terrier
Yorkshire_Terrier/Yorkshire Terrier_15.jpg,Yorkshire_Terrier
Yorkshire_Terrier/Yorkshire Terrier_16.jpg,Yorkshire_Terrier
Yorkshire_Terrier/Yorkshire Terrier_17.jpg,Yorkshire_Terrier
Yorkshire_Terrier/Yorkshire Terrier_18.jpg,Yorkshire_Terrier
Yorkshire_Terrier/Yorkshire Terrier_19.jpg,Yorkshire_Terrier
Yorkshire_Terrier/Yorkshire Terrier_2.jpg,Yorkshire_Terrier
Yorkshire_Terrier/Yorkshire Terrier_20.jpg,Yorkshire_Terrier
Yorkshire_Terrier/Yorkshire Terrier_21.jpg,Yorkshire_Terrier
Yorkshire_Terrier/Yorkshire Terrier_22.jpg,Yorkshire_Terrier
Yorkshire_Terrier/Yorkshire Terrier_23.jpg,Yorkshire_Terrier
Yorkshire_Terrier/Yorkshire Terrier_24.jpg,Yorkshire_Terrier
Yorkshire_Terrier/Yorkshire Terrier_25.jpg,Yorkshire_Terrier
Yorkshire_Terrier/Yorkshire Terrier_26.jpg,Yorkshire_Terrier
Yorkshire_Terrier/Yorkshire Terrier_27.jpg,Yorkshire_Terrier
Yorkshire_Terrier/Yorkshire Terrier_28.jpg,Yorkshire_Terrier
Yorkshire_Terrier/Yorkshire Terrier_29.jpg,Yorkshire_Terrier
Yorkshire_Terrier/Yorkshire Terrier_3.jpg,Yorkshire_Terrier
Yorkshire_Terrier/Yorkshire Terrier_30.jpg,Yorkshire_Terrier
Yorkshire_Terrier/Yorkshire Terrier_31.jpg,Yorkshire_Terrier
Yorkshire_Terrier/Yorkshire Terrier_32.jpg,Yorkshire_Terrier
Yorkshire_Terrier/Yorkshire Terrier_33.jpg,Yorkshire_Terrier
Yorkshire_Terrier/Yorkshire Terrier_34.jpg,Yorkshire_Terrier
Yorkshire_Terrier/Yorkshire Terrier_35.jpg,Yorkshire_Terrier
Yorkshire_Terrier/Yorkshire Terrier_36.jpg,Yorkshire_Terrier
Yorkshire_Terrier/Yorkshire Terrier_37.jpg,Yorkshire_Terrier
Yorkshire_Terrier/Yorkshire Terrier_38.jpg,Yorkshire_Terrier
Yorkshire_Terrier/Yorkshire Terrier_39.jpg,Yorkshire_Terrier
Yorkshire_Terrier/Yorkshire Terrier_4.jpg,Yorkshire_Terrier
Yorkshire_Terrier/Yorkshire Terrier_40.jpg,Yorkshire_Terrier
Yorkshire_Terrier/Yorkshire Terrier_41.jpg,Yorkshire_Terrier
Yorkshire_Terrier/Yorkshire Terrier_42.jpg,Yorkshire_Terrier
Yorkshire_Terrier/Yorkshire Terrier_43.jpg,Yorkshire_Terrier
Yorkshire_Terrier/Yorkshire Terrier_44.jpg,Yorkshire_Terrier
Yorkshire_Terrier/Yorkshire Terrier_45.jpg,Yorkshire_Terrier
Yorkshire_Terrier/Yorkshire Terrier_46.jpg,Yorkshire_Terrier
Yorkshire_Terrier/Yorkshire Terrier_47.jpg,Yorkshire_Terrier
Yorkshire_Terrier/Yorkshire Terrier_48.jpg,Yorkshire_Terrier
Yorkshire_Terrier/Yorkshire Terrier_49.jpg,Yorkshire_Terrier
Yorkshire_Terrier/Yorkshire Terrier_5.jpg,Yorkshire_Terrier
Yorkshire_Terrier/Yorkshire Terrier_50.jpg,Yorkshire_Terrier
Yorkshire_Terrier/Yorkshire Terrier_51.jpg,Yorkshire_Terrier
Yorkshire_Terrier/Yorkshire Terrier_52.jpg,Yorkshire_Terrier
Yorkshire_Terrier/Yorkshire Terrier_53.jpg,Yorkshire_Terrier
Yorkshire_Terrier/Yorkshire Terrier_54.jpg,Yorkshire_Terrier
Yorkshire_Terrier/Yorkshire Terrier_55.jpg,Yorkshire_Terrier
Yorkshire_Terrier/Yorkshire Terrier_56.jpg,Yorkshire_Terrier
Yorkshire_Terrier/Yorkshire Terrier_57.jpg,Yorkshire_Terrier
Yorkshire_Terrier/Yorkshire Terrier_58.jpg,Yorkshire_Terrier
Yorkshire_Terrier/Yorkshire Terrier_59.jpg,Yorkshire_Terrier
Yorkshire_Terrier/Yorkshire Terrier_6.jpg,Yorkshire_Terrier
Yorkshire_Terrier/Yorkshire Terrier_60.jpg,Yorkshire_Terrier
Yorkshire_Terrier/Yorkshire Terrier_61.jpg,Yorkshire_Terrier
Yorkshire_Terrier/Yorkshire Terrier_62.jpg,Yorkshire_Terrier
Yorkshire_Terrier/Yorkshire Terrier_63.jpg,Yorkshire_Terrier
Yorkshire_Terrier/Yorkshire Terrier_64.jpg,Yorkshire_Terrier
Yorkshire_Terrier/Yorkshire Terrier_65.jpg,Yorkshire_Terrier
Yorkshire_Terrier/Yorkshire Terrier_66.jpg,Yorkshire_Terrier
Yorkshire_Terrier/Yorkshire Terrier_67.jpg,Yorkshire_Terrier
Yorkshire_Terrier/Yorkshire Terrier_68.jpg,Yorkshire_Terrier
Yorkshire_Terrier/Yorkshire Terrier_69.jpg,Yorkshire_Terrier
Yorkshire_Terrier/Yorkshire Terrier_7.jpg,Yorkshire_Terrier
Yorkshire_Terrier/Yorkshire Terrier_70.jpg,Yorkshire_Terrier
Yorkshire_Terrier/Yorkshire Terrier_71.jpg,Yorkshire_Terrier
Yorkshire_Terrier/Yorkshire Terrier_72.jpg,Yorkshire_Terrier
Yorkshire_Terrier/Yorkshire Terrier_73.jpg,Yorkshire_Terrier
Yorkshire_Terrier/Yorkshire Terrier_74.jpg,Yorkshire_Terrier
Yorkshire_Terrier/Yorkshire Terrier_75.jpg,Yorkshire_Terrier
Yorkshire_Terrier/Yorkshire Terrier_76.jpg,Yorkshire_Terrier
Yorkshire_Terrier/Yorkshire Terrier_77.jpg,Yorkshire_Terrier
Yorkshire_Terrier/Yorkshire Terrier_78.jpg,Yorkshire_Terrier
Yorkshire_Terrier/Yorkshire Terrier_79.jpg,Yorkshire_Terrier
Yorkshire_Terrier/Yorkshire Terrier_8.jpg,Yorkshire_Terrier
Yorkshire_Terrier/Yorkshire Terrier_80.jpg,Yorkshire_Terrier
Yorkshire_Terrier/Yorkshire Terrier_81.jpg,Yorkshire_Terrier
Yorkshire_Terrier/Yorkshire Terrier_82.jpg,Yorkshire_Terrier
Yorkshire_Terrier/Yorkshire Terrier_83.jpg,Yorkshire_Terrier
Yorkshire_Terrier/Yorkshire Terrier_84.jpg,Yorkshire_Terrier
Yorkshire_Terrier/Yorkshire Terrier_85.jpg,Yorkshire_Terrier
Yorkshire_Terrier/Yorkshire Terrier_86.jpg,Yorkshire_Terrier
Yorkshire_Terrier/Yorkshire Terrier_87.jpg,Yorkshire_Terrier
Yorkshire_Terrier/Yorkshire Terrier_88.jpg,Yorkshire_Terrier
Yorkshire_Terrier/Yorkshire Terrier_89.jpg,Yorkshire_Terrier
Yorkshire_Terrier/Yorkshire Terrier_9.jpg,Yorkshire_Terrier
Yorkshire_Terrier/Yorkshire Terrier_90.jpg,Yorkshire_Terrier
Yorkshire_Terrier/Yorkshire Terrier_91.jpg,Yorkshire_Terrier
Yorkshire_Terrier/Yorkshire Terrier_92.jpg,Yorkshire_Terrier
Yorkshire_Terrier/Yorkshire Terrier_93.jpg,Yorkshire_Terrier
Yorkshire_Terrier/Yorkshire Terrier_94.jpg,Yorkshire_Terrier
Yorkshire_Terrier/Yorkshire Terrier_95.jpg,Yorkshire_Terrier
Yorkshire_Terrier/Yorkshire Terrier_96.jpg,Yorkshire_Terrier
Yorkshire_Terrier/Yorkshire Terrier_97.jpg,Yorkshire_Terrier
Yorkshire_Terrier/Yorkshire Terrier_98.jpg,Yorkshire_Terrier
Yorkshire_Terrier/Yorkshire Terrier_99.jpg,Yorkshire_Terrier
